time,latitude,longitude,depth,mag,magType,nst,gap,dmin,rms,net,id,updated,place,type,horizontalError,depthError,magError,magNst,status,locationSource,magSource
2021-03-23T15:09:54.087Z,5.6952,127.1544,59.46,4.4,mb,,117,2.077,0.7,us,us6000dvri,2021-03-23T16:02:54.040Z,"130 km SE of Pondaguitan, Philippines",earthquake,8.2,8.1,0.117,21,reviewed,us,us
2021-03-23T14:48:29.720Z,45.426,-117.561666666667,6.56,2.67,ml,12,139,0.5954,0.32,uw,uw61719371,2021-03-23T16:19:38.340Z,"12 km WSW of Lostine, Oregon",earthquake,0.87,4.48,0.364970179273477,10,reviewed,uw,uw
2021-03-23T14:46:55.949Z,46.7055,108.0575,10,4.7,mb,,117,1.346,0.53,us,us6000dvrg,2021-03-23T16:14:33.790Z,"44 km NNW of Choyr, Mongolia",earthquake,11,2,0.11,25,reviewed,us,us
2021-03-23T14:08:53.187Z,79.5741,3.6721,10,5.4,mww,,42,1.686,1.1,us,us6000dvpp,2021-03-23T16:14:47.720Z,"297 km WNW of Longyearbyen, Svalbard and Jan Mayen",earthquake,7.4,1.8,0.066,22,reviewed,us,us
2021-03-23T13:54:39.500Z,36.7291679,-120.7668304,0.69,2.77,md,39,109,0.06922,0.21,nc,nc73538866,2021-03-23T15:37:07.578Z,"28km SSW of South Dos Palos, CA",earthquake,0.63,2.48,0.17,41,automatic,nc,nc
2021-03-23T13:35:10.870Z,31.66184929,-104.3678757,7.031347656,2.8,ml,31,61,0.1135023352,0.3,tx,tx2021ftaq,2021-03-23T14:06:16.040Z,"56 km S of Whites City, New Mexico",earthquake,1.206416879,1.645120223,0.1,17,reviewed,tx,tx
2021-03-23T13:10:37.508Z,31.66048739,-104.3651727,6.465771484,2.6,ml,26,61,0.1158913119,0.3,tx,tx2021fszw,2021-03-23T13:47:32.040Z,"57 km S of Whites City, New Mexico",earthquake,1.11747031,1.322857452,0.1,12,reviewed,tx,tx
2021-03-23T13:01:20.241Z,-2.062,139.394,35,4.8,mb,,63,7.189,0.6,us,us6000dvpg,2021-03-23T13:23:39.040Z,"149 km WNW of Abepura, Indonesia",earthquake,9.5,2,0.088,40,reviewed,us,us
2021-03-23T12:40:05.755Z,-14.4676,166.7724,10,5,mb,,30,1.059,0.64,us,us6000dvpd,2021-03-23T12:59:44.040Z,"71 km NNW of Port-Olry, Vanuatu",earthquake,7.2,1.9,0.066,73,reviewed,us,us
2021-03-23T12:34:22.160Z,19.0116,-66.5776,36,3.08,md,11,277,0.5367,0.41,pr,pr2021082002,2021-03-23T13:02:04.341Z,"61 km NNE of Arecibo, Puerto Rico",earthquake,2,6.6,0.13,9,reviewed,pr,pr
2021-03-23T12:06:47.217Z,33.7453,48.5765,10,4.3,mb,,46,2.103,0.58,us,us6000dvp9,2021-03-23T13:51:08.040Z,"23 km SW of Borūjerd, Iran",earthquake,5.7,1.9,0.083,41,reviewed,us,us
2021-03-23T09:39:10.620Z,38.1505,-118.2213,14.5,2.6,ml,39,42.52,0.13,0.14,nn,nn00803219,2021-03-23T11:13:12.942Z,"28 km SSW of Mina, Nevada",earthquake,,1.4,,,automatic,nn,nn
2021-03-23T09:00:37.860Z,38.1567,-117.9958,14.7,2.6,ml,34,42.17,0.098,0.07,nn,nn00803211,2021-03-23T09:25:31.040Z,"27 km SSE of Mina, Nevada",earthquake,,0.8,,,automatic,nn,nn
2021-03-23T07:39:58.168Z,-50.355,112.5851,10,5,mb,,93,16.006,0.79,us,us6000dvn9,2021-03-23T08:05:14.040Z,"southeast Indian Ridge",earthquake,8,1.8,0.121,22,reviewed,us,us
2021-03-23T07:04:00.950Z,38.2063,-117.7537,10.7,2.7,ml,38,60.29,0.018,0.1,nn,nn00803201,2021-03-23T13:09:42.040Z,"Nevada",earthquake,,1.3,,,automatic,nn,nn
2021-03-23T06:43:01.150Z,-9.7741,-78.5848,59.63,4.6,mb,,164,2.787,1.17,us,us6000dvn0,2021-03-23T11:34:02.049Z,"40 km SSW of Puerto Casma, Peru",earthquake,7.5,7.5,0.05,122,reviewed,us,us
2021-03-23T04:13:05.269Z,35.3575,-97.92833333,6.46,2.6,ml,82,35,0.106179164,0.21,ok,ok2021fsic,2021-03-23T14:32:07.880Z,"3 km SSE of Union City, Oklahoma",earthquake,,0.4,0.25,25,reviewed,ok,ok
2021-03-23T03:59:57.166Z,65.3513,-162.6208,4.1,2.8,ml,,,,0.67,ak,ak0213ro7iys,2021-03-23T04:05:11.327Z,"80 km S of Deering, Alaska",earthquake,,0.4,,,automatic,ak,ak
2021-03-23T03:05:15.094Z,56.6376,-154.9817,54.5,2.5,ml,,,,0.52,ak,ak0213rnvv1x,2021-03-23T03:09:25.561Z,"60 km SW of Akhiok, Alaska",earthquake,,2,,,automatic,ak,ak
2021-03-23T02:48:43.393Z,7.3858,-71.8728,28.76,4.8,mb,,93,1.928,0.6,us,us6000dvlv,2021-03-23T07:21:49.961Z,"49 km NNE of Cubará, Colombia",earthquake,7.2,5.7,0.033,291,reviewed,us,us
2021-03-23T02:01:39.687Z,-20.2656,-178.0191,556.6,4.4,mb,,127,4.483,0.66,us,us6000dvll,2021-03-23T02:16:45.040Z,"Fiji region",earthquake,11.2,10.3,0.1,29,reviewed,us,us
2021-03-23T01:49:56.017Z,31.6709412,-104.3082024,6.260107422,3,ml,14,56,0.1034947771,0.3,tx,tx2021fsdk,2021-03-23T16:16:33.914Z,"56 km S of Whites City, New Mexico",earthquake,2.653655848,2.591583003,0.1,7,reviewed,tx,tx
2021-03-23T01:49:28.893Z,31.65999792,-104.2930438,6.877099609,3.1,ml,33,58,0.114519451,0.3,tx,tx2021fsdj,2021-03-23T15:39:06.471Z,"57 km S of Whites City, New Mexico",earthquake,1.185527032,1.60690017,0.1,21,reviewed,tx,tx
2021-03-23T01:47:08.219Z,-19.6704,-174.9809,170,4.6,mb,,154,6.874,0.68,us,us6000dvlf,2021-03-23T02:03:27.040Z,"67 km WNW of Pangai, Tonga",earthquake,9.6,2,0.099,30,reviewed,us,us
2021-03-23T00:49:47.550Z,32.649,-117.3093333,17.55,2.53,ml,41,226,0.1147,0.13,ci,ci39587799,2021-03-23T16:06:36.942Z,"12km WSW of Coronado, CA",earthquake,0.35,0.42,0.151,86,reviewed,ci,ci
2021-03-23T00:08:03.883Z,40.0812,20.9636,10,4.4,mb,,53,1.17,0.79,us,us6000dvl1,2021-03-23T03:22:48.683Z,"Greece-Albania border region",earthquake,6,2,0.131,17,reviewed,us,us
2021-03-22T23:55:15.020Z,35.9711685,-120.5216675,10.88,2.79,md,38,85,0.02545,0.07,nc,nc73538636,2021-03-23T15:04:17.255Z,"12km NW of Parkfield, CA",earthquake,0.19,0.25,0.11,45,automatic,nc,nc
2021-03-22T22:39:53.170Z,38.751667,-122.7121658,1.46,2.79,md,52,52,0.01403,0.07,nc,nc73540810,2021-03-23T02:51:07.764Z,"3km SW of Anderson Springs, CA",earthquake,0.16,0.28,0.13,42,automatic,nc,nc
2021-03-22T22:24:51.987Z,50.3822,155.073,145.36,4.8,mb,,117,3.18,0.73,us,us6000dvkj,2021-03-22T22:42:50.040Z,"81 km WSW of Severo-Kuril’sk, Russia",earthquake,10.4,6.8,0.03,338,reviewed,us,us
2021-03-22T19:51:25.065Z,-18.2881,-178.1853,548.33,4.5,mb,,115,3.958,0.81,us,us6000dvjq,2021-03-22T20:08:17.040Z,"265 km E of Levuka, Fiji",earthquake,6.8,8.9,0.044,148,reviewed,us,us
2021-03-22T18:15:29.584Z,-38.0059,176.6689,150.18,5,mb,,64,0.656,1.63,us,us6000dvit,2021-03-22T20:27:07.396Z,"10 km NNW of Kawerau, New Zealand",earthquake,6.4,5.6,0.115,24,reviewed,us,us
2021-03-22T17:41:47.647Z,59.8466,-153.3601,126.1,4.3,ml,,,,0.56,ak,ak0213q8wdal,2021-03-23T15:42:54.340Z,"42 km E of Pedro Bay, Alaska",earthquake,,0.3,,,reviewed,ak,ak
2021-03-22T17:41:12.181Z,-27.4839,-178.3854,10,5,mb,,84,1.8,0.69,us,us6000dvis,2021-03-22T18:21:53.040Z,"Kermadec Islands region",earthquake,10.5,1.8,0.068,68,reviewed,us,us
2021-03-22T17:23:35.663Z,31.9536,92.9243,10,5,mb,,70,6.432,0.83,us,us6000dvi9,2021-03-22T17:44:22.040Z,"97 km ENE of Nagqu, China",earthquake,8.8,1.8,0.059,91,reviewed,us,us
2021-03-22T16:10:35.459Z,2.5887,128.6271,218.62,4.4,mb,,73,2.2,0.7,us,us7000dlm8,2021-03-22T16:57:26.040Z,"117 km NE of Tobelo, Indonesia",earthquake,5.2,7.8,0.074,53,reviewed,us,us
2021-03-22T14:51:51.449Z,31.5189,84.8399,10,4.5,mb,,142,8.555,0.62,us,us7000dllv,2021-03-22T15:37:20.040Z,"246 km N of Saga, China",earthquake,10.8,1.9,0.113,23,reviewed,us,us
2021-03-22T14:23:12.201Z,-37.6751,179.6392,10,5.1,mww,,211,1.064,0.84,us,us7000dllc,2021-03-22T14:59:51.040Z,"179 km NE of Gisborne, New Zealand",earthquake,11,2,0.078,16,reviewed,us,us
2021-03-22T13:04:32.857Z,-34.1394,-71.1405,68.41,4.4,mb,,113,0.255,0.4,us,us7000dll3,2021-03-23T01:53:12.651Z,"33 km N of San Vicente, Chile",earthquake,4.8,3,0.203,7,reviewed,us,us
2021-03-22T11:52:14.764Z,31.67741526,-104.4129626,6.74855957,2.5,ml,25,54,0.07537446537,0.3,tx,tx2021frbt,2021-03-23T07:15:05.040Z,"55 km S of Whites City, New Mexico",earthquake,0.9826409989,1.230150136,0.1,15,reviewed,tx,tx
2021-03-22T11:33:46.168Z,-17.8318,-175.3585,273.63,4.4,mb,,154,4.396,0.85,us,us7000dlkh,2021-03-22T12:20:49.040Z,"171 km WNW of Neiafu, Tonga",earthquake,12.9,12.6,0.126,18,reviewed,us,us
2021-03-22T11:04:39.999Z,62.5192,-150.8091,67.9,2.6,ml,,,,0.67,ak,ak0213q53tld,2021-03-23T06:40:12.040Z,"3 km NW of Petersville, Alaska",earthquake,,0.6,,,automatic,ak,ak
2021-03-22T10:52:27.947Z,-18.9179,169.3866,247.98,4.5,mb,,82,4.033,0.76,us,us7000dlke,2021-03-22T12:08:53.040Z,"69 km N of Isangel, Vanuatu",earthquake,10.4,9,0.098,31,reviewed,us,us
2021-03-22T09:54:45.340Z,67.3735,-157.2797,6,2.9,ml,,,,0.63,ak,ak0213q47ouk,2021-03-23T06:12:59.040Z,"40 km NE of Ambler, Alaska",earthquake,,0.5,,,automatic,ak,ak
2021-03-22T08:18:11.995Z,-28.6304,-176.3818,10,4.8,mb,,80,1.488,0.67,us,us7000dljz,2021-03-22T08:40:54.040Z,"Kermadec Islands region",earthquake,8.5,1.9,0.101,30,reviewed,us,us
2021-03-22T08:10:57.070Z,-21.293,-67.2599,189.75,4.4,mb,,89,1.857,0.63,us,us7000dlju,2021-03-22T09:03:24.040Z,"102 km SSW of Uyuni, Bolivia",earthquake,8.6,8.3,0.068,62,reviewed,us,us
2021-03-22T07:19:14.413Z,57.191,-153.9569,34.7,2.7,ml,,,,0.47,ak,ak0213q2t8y7,2021-03-22T07:39:29.982Z,"30 km NNE of Akhiok, Alaska",earthquake,,0.7,,,automatic,ak,ak
2021-03-22T07:18:59.054Z,13.9249,-92.7062,10,4.6,mb,,184,1.147,0.93,us,us7000dljm,2021-03-22T14:28:41.040Z,"85 km SW of Ocós, Guatemala",earthquake,6.5,2,0.042,169,reviewed,us,us
2021-03-22T07:00:05.966Z,-24.2714,-67.188,185.59,4.5,mb,,70,1.597,0.69,us,us7000dljh,2021-03-23T03:23:02.065Z,"88 km W of San Antonio de los Cobres, Argentina",earthquake,7.3,7.8,0.068,66,reviewed,us,us
2021-03-22T06:52:18.884Z,31.73428943,-104.5866695,6.157275391,2.9,ml,27,82,0.06431229557,0.3,tx,tx2021fqrw,2021-03-22T16:16:55.017Z,"52 km SSW of Whites City, New Mexico",earthquake,2.113090288,1.123162165,0.2,16,reviewed,tx,tx
2021-03-22T06:39:57.496Z,-22.9458,-66.513,245.61,4.5,mb,,95,1.535,0.84,us,us7000dljd,2021-03-22T13:38:33.040Z,"87 km WSW of Abra Pampa, Argentina",earthquake,7.3,9.4,0.14,15,reviewed,us,us
2021-03-22T06:25:21.908Z,-20.4747,-69.6887,31.11,3.6,ml,,94,0.47,0.59,us,us7000dljb,2021-03-22T21:29:35.430Z,"56 km ESE of Iquique, Chile",earthquake,2.3,11.2,0.071,26,reviewed,us,us
2021-03-22T06:03:36.450Z,19.4818333333333,-155.431666666667,-1.26,2.6,ml,47,63,,0.14,hv,hv72395047,2021-03-22T17:47:16.030Z,"21 km WNW of Volcano, Hawaii",earthquake,0.21,0.27,0.108907756287774,15,reviewed,hv,hv
2021-03-22T05:54:19.168Z,15.3209,-92.704,118.17,4.3,mb,,163,1.1,0.5,us,us7000dlj3,2021-03-22T06:53:52.040Z,"2 km ENE of Soconusco, Mexico",earthquake,7.2,6.1,0.201,7,reviewed,us,us
2021-03-22T04:53:14.340Z,3.8046,124.8107,284.59,4.2,mb,,91,3.949,0.86,us,us7000dliy,2021-03-22T22:31:32.040Z,"191 km SSW of Sarangani, Philippines",earthquake,10.1,6.8,0.08,43,reviewed,us,us
2021-03-22T04:37:42.004Z,3.9027,-71.3606,10,5.1,mww,,58,2.617,0.89,us,us7000dliw,2021-03-22T23:13:54.725Z,"92 km ESE of Puerto Gaitán, Colombia",earthquake,7,1.9,0.083,14,reviewed,us,us
2021-03-22T02:54:02.237Z,31.67793496,-104.4038154,7.10847168,3.9,ml,48,54,0.08318040599,0.3,tx,tx2021fqka,2021-03-23T02:56:45.593Z,"55 km S of Whites City, New Mexico",earthquake,0.8102625542,1.079319721,0.2,27,reviewed,tx,tx
2021-03-22T02:37:43.000Z,36.11333333,-98.029,5.95,3.25,ml,88,37,0,0.15,ok,ok2021fqjl,2021-03-23T02:39:53.596Z,"11 km W of Hennessey, Oklahoma",earthquake,,0.3,0.22,28,reviewed,ok,ok
2021-03-22T02:25:06.043Z,56.2893,-148.8248,10,2.9,ml,,267,2.542,0.97,us,us6000dvjm,2021-03-22T22:24:25.040Z,"256 km SE of Chiniak, Alaska",earthquake,9.1,2,0.052,49,reviewed,us,us
2021-03-22T01:34:32.833Z,0.5209,126.2584,43.51,4.5,mb,,44,1.135,0.9,us,us7000dlie,2021-03-22T01:52:02.040Z,"128 km WSW of Ternate, Indonesia",earthquake,7.3,7.7,0.092,35,reviewed,us,us
2021-03-21T22:33:08.610Z,37.8966667,-118.5543333,6.15,3.08,ml,48,62,0.2024,0.06,nc,nc73540280,2021-03-23T13:35:05.900Z,"39km NNE of Toms Place, CA",earthquake,0.17,1.67,0.182,20,reviewed,nc,nc
2021-03-21T21:13:12.845Z,54.8402,163.314,10,4.9,mww,,45,3.303,0.47,us,us7000dlhq,2021-03-22T00:22:37.040Z,"163 km SSE of Ust’-Kamchatsk Staryy, Russia",earthquake,8.1,1.8,0.093,11,reviewed,us,us
2021-03-21T20:44:13.690Z,37.2611656,-121.6374969,5.58,2.5,md,62,42,0.08043,0.06,nc,nc73540240,2021-03-22T18:39:49.617Z,"15km N of Morgan Hill, CA",earthquake,0.13,0.33,0.16,72,automatic,nc,nc
2021-03-21T19:04:50.930Z,34.0441667,-117.2516667,16.23,2.65,ml,138,18,0.06633,0.18,ci,ci39586591,2021-03-23T16:13:35.340Z,"1km ESE of Loma Linda, CA",earthquake,0.1,0.23,0.136,28,reviewed,ci,ci
2021-03-21T18:23:10.088Z,31.65260175,-104.3005204,6.979931641,2.6,ml,20,59,0.1217072047,0.3,tx,tx2021fptd,2021-03-22T14:47:20.065Z,"58 km S of Whites City, New Mexico",earthquake,1.196747813,1.682253657,0.2,11,reviewed,tx,tx
2021-03-21T17:15:54.889Z,39.769,22.1131,10,4.3,mb,,45,0.441,1.04,us,us7000dlh1,2021-03-21T17:30:40.040Z,"11 km E of Verdikoússa, Greece",earthquake,4.9,1.9,0.168,10,reviewed,us,us
2021-03-21T16:30:09.309Z,2.3267,127.7219,119.77,4.6,mb,,67,1.584,0.64,us,us7000dlgv,2021-03-21T17:27:31.040Z,"73 km NNW of Tobelo, Indonesia",earthquake,7.9,4.9,0.091,36,reviewed,us,us
2021-03-21T16:27:18.219Z,-28.6099,-176.5924,10,4.9,mb,,79,1.331,0.56,us,us7000dlgx,2021-03-21T17:09:18.040Z,"Kermadec Islands region",earthquake,11,1.9,0.108,27,reviewed,us,us
2021-03-21T16:11:58.467Z,-6.4067,128.8638,240.39,4.4,mb,,58,2.879,0.64,us,us7000dlgr,2021-03-21T17:05:48.040Z,"Banda Sea",earthquake,8.1,9,0.138,15,reviewed,us,us
2021-03-21T16:06:25.458Z,-1.8319,69.2668,12.28,4.6,mb,,83,4.384,0.73,us,us7000dlgs,2021-03-21T16:43:14.040Z,"Carlsberg Ridge",earthquake,9.3,4.9,0.141,15,reviewed,us,us
2021-03-21T15:30:50.132Z,35.6961,140.4533,58.67,4.5,mb,,120,2.003,0.47,us,us7000dlgh,2021-03-22T05:12:29.787Z,"8 km W of Yōkaichiba, Japan",earthquake,9.1,7.6,0.095,33,reviewed,us,us
2021-03-21T15:13:07.534Z,65.7827,-147.3192,11.6,2.9,ml,,,,0.63,ak,ak0213ok02r8,2021-03-21T15:33:10.040Z,"63 km ENE of Livengood, Alaska",earthquake,,0.4,,,automatic,ak,ak
2021-03-21T14:17:16.237Z,-19.4921,-63.9824,592.68,5.2,mww,,27,4.91,0.58,us,us7000dlg5,2021-03-22T21:28:54.040Z,"34 km N of Monteagudo, Bolivia",earthquake,10.1,6.7,0.073,18,reviewed,us,us
2021-03-21T13:55:42.549Z,60.3732,-153.1279,133.5,2.5,ml,,,,0.6,ak,ak0213oj29z0,2021-03-21T14:06:57.040Z,"68 km ENE of Port Alsworth, Alaska",earthquake,,0.4,,,automatic,ak,ak
2021-03-21T12:03:02.680Z,35.7666667,-117.5911667,6.65,2.8,ml,47,53,0.04924,0.15,ci,ci39586383,2021-03-22T21:15:34.180Z,"17km W of Searles Valley, CA",earthquake,0.13,0.4,0.12,23,reviewed,ci,ci
2021-03-21T11:01:58.360Z,17.48,-66.5341,127,3.41,md,5,303,0.5966,0.29,pr,pr2021080005,2021-03-21T12:46:29.844Z,"55 km SSW of Santa Isabel, Puerto Rico",earthquake,6.35,4.94,0.02,2,reviewed,pr,pr
2021-03-21T11:00:21.779Z,-22.7206,-67.0286,197.65,4.6,mb,,94,1.085,0.96,us,us7000dlf6,2021-03-22T05:26:58.191Z,"122 km E of San Pedro de Atacama, Chile",earthquake,7.7,8.7,0.129,18,reviewed,us,us
2021-03-21T10:55:27.268Z,-21.1683,-67.1967,181.78,5,mb,,45,1.995,0.69,us,us7000dlf2,2021-03-21T14:44:03.253Z,"87 km SSW of Uyuni, Bolivia",earthquake,7.4,6.9,0.059,91,reviewed,us,us
2021-03-21T09:32:49.760Z,38.7168333,-112.5521667,-0.01,2.64,ml,24,109,0.1351,0.24,uu,uu60429887,2021-03-22T22:52:38.413Z,"13 km SW of Kanosh, Utah",earthquake,0.53,1.6,0.161,15,reviewed,uu,uu
2021-03-21T07:05:01.580Z,44.2973333,-115.1516667,8.63,2.54,ml,10,67,0.157,0.23,mb,mb80492439,2021-03-22T15:52:37.730Z,"19 km WNW of Stanley, Idaho",earthquake,0.47,1.01,0.243,12,reviewed,mb,mb
2021-03-21T07:00:26.923Z,60.72,-152.7971,126.4,2.5,ml,,,,0.53,ak,ak0213of5ur3,2021-03-21T08:05:40.040Z,"81 km W of Salamatof, Alaska",earthquake,,0.6,,,automatic,ak,ak
2021-03-21T06:43:03.582Z,-0.8402,-17.8017,10,4.8,mb,,51,7.836,0.42,us,us7000dle9,2021-03-21T09:55:27.040Z,"north of Ascension Island",earthquake,5.5,1.9,0.078,52,reviewed,us,us
2021-03-21T05:50:07.902Z,59.3435,-143.8474,21.3,2.5,ml,,,,0.66,ak,ak0213oe9o1x,2021-03-21T08:17:13.040Z,"171 km SE of Cordova, Alaska",earthquake,,0.7,,,automatic,ak,ak
2021-03-21T05:43:10.170Z,17.9096,-66.9075,10,2.63,md,20,222,0.1492,0.13,pr,pr2021080001,2021-03-21T06:35:40.237Z,"6 km S of Guánica, Puerto Rico",earthquake,0.6,0.72,0.21,11,reviewed,pr,pr
2021-03-21T05:02:07.392Z,14.0444,-92.6128,35,5,mww,,131,1.009,0.78,us,us7000dldd,2021-03-21T06:26:48.694Z,"68 km SW of Ocós, Guatemala",earthquake,5.6,2,0.098,10,reviewed,us,us
2021-03-21T01:18:47.445Z,-20.1695,-70.5728,38.17,4.1,mb,,183,0.539,0.5,us,us7000dlcg,2021-03-22T05:16:12.707Z,"44 km W of Iquique, Chile",earthquake,6.4,10.9,0.233,5,reviewed,us,us
2021-03-21T00:45:33.110Z,-7.3586,128.4765,171.56,5,mb,,62,2.865,0.75,us,us7000dlc7,2021-03-21T01:01:32.040Z,"207 km NE of Lospalos, Timor Leste",earthquake,7.6,6.9,0.072,61,reviewed,us,us
2021-03-20T23:46:00.540Z,3.9404,-71.4195,10,4.9,mb,,119,2.551,1.08,us,us7000dlc1,2021-03-21T00:03:03.040Z,"84 km ESE of Puerto Gaitán, Colombia",earthquake,8.6,1.9,0.035,262,reviewed,us,us
2021-03-20T22:50:39.690Z,35.2051,27.5131,24.11,4.7,mb,,42,0.446,0.94,us,us7000dlb9,2021-03-20T23:07:44.040Z,"43 km SE of Karpathos, Greece",earthquake,5.6,5.2,0.058,93,reviewed,us,us
2021-03-20T22:49:23.210Z,34.0411667,-117.6045,4.52,3.05,ml,123,15,0.05098,0.2,ci,ci39586079,2021-03-23T15:20:14.630Z,"2km ESE of Ontario, CA",earthquake,0.1,0.27,0.225,217,reviewed,ci,ci
2021-03-20T21:56:36.521Z,37.6232,141.8453,52.27,4.6,mb,,121,3.101,0.86,us,us7000dlb0,2021-03-20T22:15:11.040Z,"76 km ENE of Namie, Japan",earthquake,7.8,7.4,0.081,46,reviewed,us,us
2021-03-20T21:19:46.865Z,69.5351,-144.0173,0,3.1,ml,,,,0.59,ak,ak0213n02oxi,2021-03-20T21:32:36.566Z,"68 km SSW of Kaktovik, Alaska",earthquake,,2.8,,,automatic,ak,ak
2021-03-20T20:51:17.671Z,67.1493,-158.3577,36.2,2.9,ml,,,,0.93,ak,ak0213mzo1zr,2021-03-20T21:39:17.040Z,"23 km WNW of Ambler, Alaska",earthquake,,7.8,,,automatic,ak,ak
2021-03-20T20:51:07.409Z,31.68394436,-104.2846181,7.288427734,2.5,ml,24,51,0.09143859003,0.3,tx,tx2021focn,2021-03-22T15:40:55.837Z,"55 km S of Whites City, New Mexico",earthquake,1.09944873,1.632296671,0.1,12,reviewed,tx,tx
2021-03-20T20:22:21.896Z,55.2797,163.1839,10,4.1,mb,,137,3.495,0.84,us,us7000dlak,2021-03-20T22:06:42.040Z,"114 km SSE of Ust’-Kamchatsk Staryy, Russia",earthquake,12,1.9,0.131,16,reviewed,us,us
2021-03-20T20:17:57.230Z,19.1838333333333,-155.449833333333,31.23,2.65,md,53,132,,0.1,hv,hv72393147,2021-03-20T23:38:48.460Z,"3 km SE of Pāhala, Hawaii",earthquake,0.44,0.59,0.103866011115727,22,reviewed,hv,hv
2021-03-20T20:05:28.550Z,35.3615,-97.93033333,7.28,2.56,ml,99,56,0.1025798703,0.18,ok,ok2021foba,2021-03-23T04:52:42.994Z,"3 km SSE of Union City, Oklahoma",earthquake,,0.3,0.26,30,reviewed,ok,ok
2021-03-20T19:42:14.990Z,17.8935,-66.8488,14,2.83,md,23,209,0.0871,0.14,pr,pr2021079009,2021-03-20T23:23:58.040Z,"10 km SSE of Maria Antonia, Puerto Rico",earthquake,0.47,0.64,0.13,13,reviewed,pr,pr
2021-03-20T19:41:01.144Z,16.8511,145.7967,177.8,5.2,mb,,140,1.608,1.18,us,us7000dla9,2021-03-22T19:51:04.197Z,"181 km N of Saipan, Northern Mariana Islands",earthquake,12.6,9,0.089,42,reviewed,us,us
2021-03-20T19:33:43.544Z,39.6386,143.463,33.84,4.2,mb,,143,2.166,0.53,us,us7000dla6,2021-03-20T23:42:43.040Z,"130 km E of Miyako, Japan",earthquake,7.4,6.7,0.11,23,reviewed,us,us
2021-03-20T18:02:46.652Z,54.6685,163.2727,10,4.5,mb,,128,3.196,1.06,us,us7000dl9p,2021-03-20T19:39:20.040Z,"180 km SSE of Ust’-Kamchatsk Staryy, Russia",earthquake,7.9,1.9,0.061,84,reviewed,us,us
2021-03-20T17:55:19.830Z,37.4583333,-118.8451667,11.08,2.77,md,34,62,0.1321,0.05,nc,nc73539660,2021-03-22T17:42:10.470Z,"19km SW of Toms Place, CA",earthquake,0.27,0.88,0.195,48,reviewed,nc,nc
2021-03-20T17:07:27.065Z,2.6047,31.0737,10,4,mb,,121,3.202,1.37,us,us7000dld3,2021-03-22T05:23:53.578Z,"14 km N of Nebbi, Uganda",earthquake,6.7,2,0.3,3,reviewed,us,us
2021-03-20T16:55:31.280Z,17.9681,-66.9628,6,3.03,md,24,182,0.0814,0.2,pr,pr2021079008,2021-03-20T17:50:56.040Z,"5 km WSW of Fuig, Puerto Rico",earthquake,0.49,0.28,0.19,22,reviewed,pr,pr
2021-03-20T16:41:16.634Z,38.1892,141.8659,56.66,4.3,mb,,161,2.669,0.64,us,us7000dl9f,2021-03-20T17:32:16.040Z,"55 km ESE of Ishinomaki, Japan",earthquake,10.1,10.1,0.189,8,reviewed,us,us
2021-03-20T16:03:54.315Z,30.5132,130.9652,52.19,4.9,mb,,125,1.086,0.77,us,us7000dl9a,2021-03-20T16:44:05.040Z,"24 km S of Nishinoomote, Japan",earthquake,8.1,7.6,0.114,24,reviewed,us,us
2021-03-20T15:42:39.126Z,-23.1599,171.6536,10,5.5,mww,,43,7.318,1.3,us,us7000dl8y,2021-03-21T15:45:28.924Z,"southeast of the Loyalty Islands",earthquake,9.9,1.7,0.056,31,reviewed,us,us
2021-03-20T15:30:22.380Z,34.7213,83.4776,15.04,5.2,mb,,28,8.296,0.62,us,us7000dl8t,2021-03-20T15:49:14.040Z,"western Xizang",earthquake,8.4,4,0.042,200,reviewed,us,us
2021-03-20T15:26:41.170Z,49.0136,156.2938,10,5.1,mb,,167,4.194,0.99,us,us7000dl8s,2021-03-20T15:43:22.040Z,"185 km S of Severo-Kuril’sk, Russia",earthquake,8.5,1.9,0.078,53,reviewed,us,us
2021-03-20T15:15:15.815Z,63.4612,-148.9553,1.6,3.3,ml,,,,0.84,ak,ak0213mwh613,2021-03-20T22:52:53.543Z,"7 km N of Cantwell, Alaska",earthquake,,0.3,,,reviewed,ak,ak
2021-03-20T15:02:30.177Z,0.9821,126.9112,21.95,5.3,mww,,61,0.501,0.89,us,us7000dl8h,2021-03-20T21:20:54.040Z,"56 km WNW of Ternate, Indonesia",earthquake,4.1,4.6,0.078,16,reviewed,us,us
2021-03-20T14:31:16.223Z,60.8898,-150.8955,6,2.5,ml,,,,0.69,ak,ak0213mvz5ya,2021-03-20T17:42:47.040Z,"11 km WSW of Point Possession, Alaska",earthquake,,0.3,,,automatic,ak,ak
2021-03-20T11:49:19.502Z,49.0958,156.2375,35.12,4.9,mb,,131,4.122,0.75,us,us7000dl7q,2021-03-20T12:11:44.040Z,"175 km S of Severo-Kuril’sk, Russia",earthquake,9.8,7.5,0.056,98,reviewed,us,us
2021-03-20T10:50:27.085Z,-15.0958,-72.2191,140.65,4.4,mb,,179,3.614,0.4,us,us7000dl7f,2021-03-20T17:41:38.970Z,"22 km NE of Orcopampa, Peru",earthquake,9.4,15.9,0.178,9,reviewed,us,us
2021-03-20T10:28:25.296Z,56.0826,-149.2491,11.3,3.1,ml,,,,1.16,ak,ak0213mtksw0,2021-03-20T22:31:23.489Z,"251 km SE of Chiniak, Alaska",earthquake,,12.2,,,reviewed,ak,ak
2021-03-20T10:24:41.898Z,55.9645,-149.372,10,4.1,mb,,145,2.505,0.48,us,us7000dl7b,2021-03-20T22:27:42.763Z,"255 km SE of Chiniak, Alaska",earthquake,5.3,1.8,0.144,13,reviewed,us,us
2021-03-20T09:09:45.279Z,38.4752,141.6069,54,7,mww,,60,2.349,1.03,us,us7000dl6y,2021-03-23T06:44:56.711Z,"27 km ENE of Ishinomaki, Japan",earthquake,7.3,4.7,0.061,26,reviewed,us,us
2021-03-20T08:26:02.728Z,-5.9247,130.4729,104.92,4.5,mb,,107,2.202,0.41,us,us7000dl6s,2021-03-20T08:40:44.040Z,"254 km W of Tual, Indonesia",earthquake,5,8.2,0.118,21,reviewed,us,us
2021-03-20T07:55:00.780Z,-37.775,179.8348,10,4.6,mb,,132,1.231,0.92,us,us7000dl6j,2021-03-20T08:23:58.040Z,"187 km ENE of Gisborne, New Zealand",earthquake,6.6,2,0.182,9,reviewed,us,us
2021-03-20T07:43:07.393Z,36.9707,71.3395,104.2,4.5,mb,,64,3.06,0.63,us,us7000dl6e,2021-03-20T07:57:10.040Z,"Hindu Kush region, Afghanistan",earthquake,7.2,9.8,0.098,31,reviewed,us,us
2021-03-20T07:10:40.190Z,17.9393,-66.6725,5,2.72,md,19,188,0.1229,0.2,pr,pr2021079003,2021-03-20T07:39:43.622Z,"7 km SE of Tallaboa, Puerto Rico",earthquake,0.51,0.29,0.27,16,reviewed,pr,pr
2021-03-20T06:56:21.248Z,54.8618,163.2079,10,4.1,mb,,103,3.263,0.67,us,us7000dl5z,2021-03-20T07:34:17.040Z,"158 km SSE of Ust’-Kamchatsk Staryy, Russia",earthquake,11.4,1.9,0.13,16,reviewed,us,us
2021-03-20T05:52:00.143Z,39.7812,39.0494,10.53,4.2,mb,,77,0.882,0.62,us,us7000dl5r,2021-03-20T06:08:44.040Z,"20 km N of Kemah, Turkey",earthquake,4.4,4.5,0.187,8,reviewed,us,us
2021-03-20T05:19:31.854Z,-59.6207,150.3136,10,6.1,mww,,91,6.965,0.52,us,us7000dl5j,2021-03-21T05:22:59.924Z,"west of Macquarie Island",earthquake,10.3,1.9,0.093,11,reviewed,us,us
2021-03-20T05:17:48.244Z,-59.7057,150.4248,10,4.9,mb,,103,6.984,0.66,us,us7000dl5l,2021-03-20T05:38:44.040Z,"west of Macquarie Island",earthquake,7.9,1.9,0.095,35,reviewed,us,us
2021-03-20T05:09:34.570Z,-24.6434,-175.8775,10,5.4,mww,,72,4.935,0.78,us,us7000dl5h,2021-03-21T05:12:16.450Z,"south of Tonga",earthquake,11.4,1.9,0.066,22,reviewed,us,us
2021-03-20T03:06:33.755Z,16.6531,-98.8124,28.33,5.7,mww,,93,0.934,1.21,us,us7000dl4v,2021-03-22T15:03:55.918Z,"7 km N of Marquelia, Mexico",earthquake,5.9,4.4,0.04,61,reviewed,us,us
2021-03-20T02:43:09.730Z,21.4164,144.3637,146.17,4.3,mb,,130,5.993,0.77,us,us7000dl4p,2021-03-20T03:04:00.040Z,"Mariana Islands region",earthquake,15.5,8.3,0.102,27,reviewed,us,us
2021-03-20T02:33:14.120Z,55.152,160.5029,10,4.5,mb,,129,2.396,1.03,us,us7000dl4n,2021-03-20T02:53:05.040Z,"74 km SE of Atlasovo, Russia",earthquake,9.7,1.9,0.077,49,reviewed,us,us
2021-03-20T01:49:18.227Z,47.2859,-27.306,10,5.8,mww,,55,14.628,0.86,us,us7000dl4i,2021-03-21T01:53:03.891Z,"northern Mid-Atlantic Ridge",earthquake,9.5,1.8,0.055,32,reviewed,us,us
2021-03-20T01:30:08.250Z,19.0718,-68.8335,61,3.57,md,12,164,0.4163,0.15,pr,pr2021079001,2021-03-20T04:58:56.040Z,"24 km ENE of Miches, Dominican Republic",earthquake,0.51,1.25,0.11,9,reviewed,pr,pr
2021-03-20T01:16:30.234Z,38.174,-117.9493,6,3.1,ml,23,39.48,0.036,0.0987,nn,nn00802966,2021-03-20T01:37:15.464Z,"Nevada",earthquake,,0.6,0.34,9,reviewed,nn,nn
2021-03-20T00:43:40.710Z,46.5266667,-112.4943333,20.09,2.61,ml,37,74,0.004,0.25,mb,mb80492304,2021-03-20T14:10:41.150Z,"6 km SW of Elliston, Montana",earthquake,0.39,0.71,0.163,19,reviewed,mb,mb
2021-03-20T00:37:30.780Z,18.3475,-64.4975,119,4,md,13,187,1.3668,0.41,pr,pr2021079000,2021-03-22T03:41:19.040Z,"31 km E of Cruz Bay, U.S. Virgin Islands",earthquake,5.52,2.47,0.14,9,reviewed,pr,pr
2021-03-20T00:26:27.299Z,40.2494,142.3475,52.1,4.6,mwr,,45,1.116,0.55,us,us7000dl46,2021-03-22T20:59:42.159Z,"75 km NNE of Miyako, Japan",earthquake,6.5,5.4,0.098,10,reviewed,us,us
2021-03-20T00:09:16.372Z,-22.9604,-70.0065,52.67,4.6,mb,,78,0.21,0.97,us,us7000dl43,2021-03-20T00:46:48.382Z,"86 km NNE of Antofagasta, Chile",earthquake,5.9,2.5,0.122,20,reviewed,us,us
2021-03-19T23:50:06.691Z,31.04786434,-103.3332388,3.689306641,2.5,ml,27,54,0.06490015819,0.3,tx,tx2021fmmx,2021-03-22T16:19:22.453Z,"33 km SW of Coyanosa, Texas",earthquake,1.105013751,1.122921718,0.1,14,reviewed,tx,tx
2021-03-19T22:40:03.758Z,54.9173,162.5572,10,4.5,mb,,123,2.987,0.69,us,us7000dl3l,2021-03-22T21:02:20.040Z,"145 km S of Ust’-Kamchatsk Staryy, Russia",earthquake,8.8,1.9,0.104,27,reviewed,us,us
2021-03-19T20:28:10.558Z,54.7653,163.481,10,4.3,mb,,124,3.349,0.96,us,us7000dl2x,2021-03-19T21:48:19.040Z,"174 km SSE of Ust’-Kamchatsk Staryy, Russia",earthquake,8.4,1.9,0.064,74,reviewed,us,us
2021-03-19T19:37:15.600Z,18.6346,-66.7638,109,3.62,md,27,210,0.2823,0.32,pr,pr2021078006,2021-03-20T19:39:11.787Z,"17 km N of Carrizales, Puerto Rico",earthquake,1.71,0.98,0.11,19,reviewed,pr,pr
2021-03-19T18:52:43.090Z,-35.5074,178.6816,168.76,5.6,mww,,28,2.073,1.24,us,us7000dl1u,2021-03-20T18:55:48.245Z,"off the east coast of the North Island of New Zealand",earthquake,9.1,3.9,0.057,30,reviewed,us,us
2021-03-19T18:24:36.600Z,33.0316667,-116.442,6.61,3.07,ml,118,18,0.04562,0.19,ci,ci39585143,2021-03-20T20:11:41.363Z,"16km ESE of Julian, CA",earthquake,0.1,0.36,0.125,53,reviewed,ci,ci
2021-03-19T18:17:53.050Z,36.5605,-118.0021667,7.65,2.51,ml,37,40,0.06176,0.16,ci,ci39585127,2021-03-19T21:13:29.820Z,"7km ESE of Lone Pine, CA",earthquake,0.18,0.39,0.178,25,reviewed,ci,ci
2021-03-19T18:09:43.581Z,-30.2698,-177.09,10,5.1,mb,,38,1.255,0.99,us,us7000dl1h,2021-03-19T18:46:29.040Z,"Kermadec Islands, New Zealand",earthquake,6.3,1.9,0.064,79,reviewed,us,us
2021-03-19T18:06:36.839Z,-6.3425,147.2364,10,4.6,mb,,90,10.609,0.8,us,us7000dl1q,2021-03-19T19:24:24.040Z,"49 km NNE of Lae, Papua New Guinea",earthquake,10.5,1.9,0.074,59,reviewed,us,us
2021-03-19T17:57:27.162Z,-14.6317,166.8222,22.43,4.9,mww,,48,0.89,0.88,us,us7000dl1c,2021-03-19T18:17:25.040Z,"52 km NNW of Port-Olry, Vanuatu",earthquake,5.7,5,0.089,12,reviewed,us,us
2021-03-19T16:47:05.894Z,-28.605,-176.162,10,4.9,mb,,198,1.675,1.2,us,us7000dl10,2021-03-19T17:08:31.040Z,"Kermadec Islands region",earthquake,8,2,0.119,26,reviewed,us,us
2021-03-19T16:46:23.690Z,-4.2536,152.0828,251.94,4.8,mb,,197,14.047,0.87,us,us7000dl14,2021-03-19T17:33:01.040Z,"10 km WSW of Rabaul, Papua New Guinea",earthquake,13.5,5.9,0.1,31,reviewed,us,us
2021-03-19T16:33:14.767Z,-7.7235,118.7005,10,4.7,mb,,79,2.887,0.55,us,us7000dl0y,2021-03-19T17:14:08.040Z,"81 km N of Bima, Indonesia",earthquake,8,1.9,0.12,21,reviewed,us,us
2021-03-19T16:10:45.472Z,-8.2963,117.9389,10,4.5,mb,,75,3.724,1.12,us,us7000dkz7,2021-03-19T16:31:30.040Z,"52 km ENE of Pototano, Indonesia",earthquake,7.4,1.9,0.145,16,reviewed,us,us
2021-03-19T14:18:19.185Z,32.03257678,-103.7655898,8.599536133,2.7,ml,23,58,0.09926626688,0.2,tx,tx2021flub,2021-03-20T06:00:59.258Z,"35 km SE of Malaga, New Mexico",earthquake,0.8949919445,1.329256388,0.2,16,reviewed,tx,tx
2021-03-19T12:56:39.189Z,38.1648,-117.9025,8.9,2.8,ml,28,41.07,0.025,0.1293,nn,nn00802935,2021-03-23T09:09:44.040Z,"Nevada",earthquake,,0.6,0.25,13,reviewed,nn,nn
2021-03-19T12:08:43.860Z,41.9651667,-110.2815,29.36,2.61,ml,25,87,0.3916,0.17,uu,uu60429677,2021-03-20T13:00:33.372Z,"18 km W of Fontenelle, Wyoming",earthquake,0.39,0.75,0.059,7,reviewed,uu,uu
2021-03-19T10:57:47.996Z,31.9727,103.7424,10,4.4,mb,,60,5.213,0.97,us,us7000dkw0,2021-03-19T11:51:17.040Z,"94 km WNW of Jiangyou, China",earthquake,8.9,1.9,0.064,70,reviewed,us,us
2021-03-19T10:26:37.840Z,-62.3062,-58.2938,10,4.6,mb,,70,0.185,0.6,us,us7000dkvs,2021-03-19T10:43:02.040Z,"South Shetland Islands",earthquake,5.9,2,0.128,18,reviewed,us,us
2021-03-19T09:00:21.561Z,54.8229,163.3409,10,4.7,mb,,100,3.308,0.53,us,us7000dkvm,2021-03-19T09:30:36.040Z,"165 km SSE of Ust’-Kamchatsk Staryy, Russia",earthquake,8.2,1.9,0.04,193,reviewed,us,us
2021-03-19T08:46:51.078Z,12.4547,-89.2767,10,4.4,mb,,180,2.093,1.04,us,us7000dkvj,2021-03-19T09:07:51.040Z,"114 km S of La Libertad, El Salvador",earthquake,4.5,2,0.126,18,reviewed,us,us
2021-03-19T07:32:43.726Z,14.0422,-92.5499,10,4.5,mb,,203,0.957,0.69,us,us7000dkv9,2021-03-19T07:47:18.040Z,"64 km SW of Ocós, Guatemala",earthquake,8.9,2,0.086,40,reviewed,us,us
2021-03-19T06:11:27.383Z,31.9061,92.8989,10,5.7,mww,,19,6.382,0.63,us,us7000dkv0,2021-03-20T06:16:04.250Z,"92 km ENE of Nagqu, China",earthquake,7.2,1.8,0.086,13,reviewed,us,us
2021-03-19T06:02:51.722Z,-37.6099,-179.8454,10,4.7,mb,,146,1.468,0.48,us,us7000dkuw,2021-03-19T06:19:07.040Z,"221 km ENE of Gisborne, New Zealand",earthquake,9,1.9,0.166,11,reviewed,us,us
2021-03-19T05:44:24.624Z,14.6632,-92.6714,49.2,4.2,mb,,179,0.955,0.51,us,us7000dkur,2021-03-19T05:57:22.040Z,"27 km WSW of Puerto Madero, Mexico",earthquake,9.6,10.8,0.092,33,reviewed,us,us
2021-03-19T05:37:39.525Z,20.7082,144.8669,123.61,4.6,mb,,148,6.815,0.59,us,us7000dkux,2021-03-19T06:33:38.040Z,"Maug Islands region, Northern Mariana Islands",earthquake,12.6,9.7,0.08,46,reviewed,us,us
2021-03-19T04:58:35.925Z,31.7225856,-104.5553006,6.157275391,3,ml,42,84,0.04625334293,0.3,tx,tx2021flbp,2021-03-19T18:22:24.320Z,"53 km SSW of Whites City, New Mexico",earthquake,1.598069989,0.7878708511,0.1,26,reviewed,tx,tx
2021-03-19T04:19:52.220Z,18.7195,-68.863,107,3.48,md,17,126,0.5236,0.47,pr,pr2021078002,2021-03-19T20:43:54.040Z,"19 km NE of Guaymate, Dominican Republic",earthquake,1.73,1.47,0.21,7,reviewed,pr,pr
2021-03-19T03:16:32.487Z,55.3006,160.3439,10,5.1,mww,,97,2.489,0.78,us,us7000dkua,2021-03-19T03:50:26.040Z,"55 km SE of Atlasovo, Russia",earthquake,8,1.9,0.098,10,reviewed,us,us
2021-03-19T03:01:48.616Z,17.2248,-84.4075,10,4.1,mb,,82,3.31,1.1,us,us7000dku4,2021-03-19T03:17:56.040Z,"158 km N of Barra Patuca, Honduras",earthquake,7.3,2,0.112,22,reviewed,us,us
2021-03-19T02:48:22.267Z,36.5637,6.7925,10,3.9,mb,,74,2.227,1.26,us,us7000dku9,2021-03-19T03:56:02.435Z,"northern Algeria",earthquake,5.5,2,0.257,4,reviewed,us,us
2021-03-19T02:43:27.388Z,32.02843613,-103.7682824,8.342456055,3.4,ml,25,91,0.09988412548,0.2,tx,tx2021fkxd,2021-03-19T16:17:36.201Z,"35 km SE of Malaga, New Mexico",earthquake,0.9402618334,1.343902641,0.1,13,reviewed,tx,tx
2021-03-19T01:54:26.238Z,-9.5852,155.4845,10,5.1,mww,,30,4.404,0.82,us,us7000dktv,2021-03-19T02:24:01.040Z,"D'Entrecasteaux Islands region",earthquake,8.7,1.9,0.098,10,reviewed,us,us
2021-03-19T01:20:07.400Z,-9.5185,155.5621,10,5,mww,,67,4.327,1.01,us,us7000dktq,2021-03-19T02:33:02.040Z,"D'Entrecasteaux Islands region",earthquake,7.5,1.7,0.098,10,reviewed,us,us
2021-03-19T01:13:20.669Z,12.9543,146.5633,10,4.6,mb,,89,1.766,0.58,us,us7000dktn,2021-03-19T01:52:42.040Z,"192 km ESE of Yigo Village, Guam",earthquake,9.5,1.9,0.097,32,reviewed,us,us
2021-03-19T00:52:16.750Z,39.4246667,-123.1075,1.08,2.72,md,46,42,0.1386,0.06,nc,nc73539070,2021-03-22T03:36:52.040Z,"13km W of Lake Pillsbury, CA",earthquake,0.16,1.88,0.24,48,reviewed,nc,nc
2021-03-19T00:38:02.432Z,63.5471,-151.2054,6.3,2.6,ml,,,,0.68,ak,ak0213l057vp,2021-03-22T03:33:04.040Z,"25 km E of Denali National Park, Alaska",earthquake,,0.3,,,reviewed,ak,ak
2021-03-18T23:39:41.795Z,-9.5515,155.5789,5,5.5,mww,,30,4.311,0.63,us,us7000dksx,2021-03-22T02:33:12.094Z,"212 km SW of Gizo, Solomon Islands",earthquake,4,1.7,0.061,26,reviewed,us,us
2021-03-18T23:06:52.740Z,19.1735,-155.4745,31.86,2.72,md,54,76,,0.11,hv,hv72389482,2021-03-22T02:36:32.040Z,"3 km S of Pāhala, Hawaii",earthquake,0.39,0.58,0.156588907452641,26,reviewed,hv,hv
2021-03-18T22:50:24.988Z,55.002,-160.4221,47.13,4.6,mwr,,143,0.349,0.92,us,us7000dks4,2021-03-18T23:16:36.357Z,"37 km S of Sand Point, Alaska",earthquake,6.2,5.3,0.089,12,reviewed,us,us
2021-03-18T22:40:16.498Z,-24.0742,-67.1551,207.92,4.5,mb,,98,1.459,0.69,us,us7000dks2,2021-03-22T02:34:50.427Z,"86 km W of San Antonio de los Cobres, Argentina",earthquake,8.2,14.3,0.241,5,reviewed,us,us
2021-03-18T22:39:47.563Z,31.67336737,-104.3994675,6.080151367,3.5,ml,49,57,0.08649364384,0.3,tx,tx2021fkpc,2021-03-19T22:42:16.688Z,"55 km S of Whites City, New Mexico",earthquake,0.9467165535,1.13223875,0.1,26,reviewed,tx,tx
2021-03-18T22:14:43.880Z,-9.5946,155.5609,10,5.1,mww,,30,4.329,0.6,us,us7000dks0,2021-03-22T01:56:12.040Z,"216 km SW of Gizo, Solomon Islands",earthquake,8.1,1.8,0.069,20,reviewed,us,us
2021-03-18T21:51:46.705Z,7.6627,126.7421,72.03,4.4,mb,,144,1.295,0.46,us,us7000dkru,2021-03-18T22:09:09.040Z,"21 km E of Kinablangan, Philippines",earthquake,6.8,10.8,0.134,16,reviewed,us,us
2021-03-18T20:10:22.680Z,19.4816666666667,-155.431833333333,-1.52,2.78,ml,48,60,,0.14,hv,hv72389152,2021-03-18T20:59:44.530Z,"21 km WNW of Volcano, Hawaii",earthquake,0.22,0.17,0.134914888248827,22,reviewed,hv,hv
2021-03-18T19:52:45.777Z,23.1985,143.7971,31.32,4.7,mb,,125,4.146,1,us,us7000dkr2,2021-03-18T20:42:59.040Z,"Volcano Islands, Japan region",earthquake,11.3,6.2,0.074,56,reviewed,us,us
2021-03-18T19:46:50.753Z,54.8173,163.0463,10,4.1,mb,,156,3.16,0.94,us,us7000dkqz,2021-03-18T20:25:13.040Z,"161 km SSE of Ust’-Kamchatsk Staryy, Russia",earthquake,13.1,2,0.088,35,reviewed,us,us
2021-03-18T19:25:22.710Z,19.4379997253418,-155.511337280273,3.55999994277954,2.68000007,md,9,132,,0.330000013,hv,hv72389022,2021-03-18T23:25:42.481Z,"26 km N of Pāhala, Hawaii",earthquake,1.7,5.17999983,0.460000008,5,automatic,hv,hv
2021-03-18T19:25:16.910Z,19.4918333333333,-155.429166666667,-1.8,2.62,ml,44,75,,0.15,hv,hv72389027,2021-03-18T20:52:12.060Z,"21 km WNW of Volcano, Hawaii",earthquake,0.24,0.17,0.187925237408481,18,reviewed,hv,hv
2021-03-18T19:22:00.501Z,30.94071115,-103.2018289,3.715014648,2.5,ml,36,58,0.07064186146,0.3,tx,tx2021fkio,2021-03-18T20:12:46.040Z,"31 km W of Fort Stockton, Texas",earthquake,1.008125818,0.8268098652,0.1,16,reviewed,tx,tx
2021-03-18T18:56:45.650Z,36.6045,-121.2086667,6.74,3.37,mw,70,54,0.08553,0.11,nc,nc73538955,2021-03-20T22:57:47.020Z,"10km NW of Pinnacles, CA",earthquake,0.13,0.5,,3,reviewed,nc,nc
2021-03-18T18:50:23.620Z,19.4885,-155.428333333333,-1.28,2.5,ml,38,107,,0.12,hv,hv72388927,2021-03-18T19:04:34.777Z,"21 km WNW of Volcano, Hawaii",earthquake,0.27,0.21,0.115383133269752,16,reviewed,hv,hv
2021-03-18T18:27:10.500Z,19.4825,-155.429333333333,-1.62,3.1,ml,49,45,,0.14,hv,hv72388857,2021-03-18T18:59:37.040Z,"20 km WNW of Volcano, Hawaii",earthquake,0.17,0.22,0.238507944490775,30,reviewed,hv,hv
2021-03-18T18:23:38.490Z,19.4833333333333,-155.428166666667,-2.41,3.51,ml,54,65,,0.15,hv,hv72388852,2021-03-19T18:25:10.583Z,"20 km WNW of Volcano, Hawaii",earthquake,0.24,0.15,0.206714423300755,32,reviewed,hv,hv
2021-03-18T17:39:00.491Z,38.1492,-117.9648,11.3,2.7,ml,28,44.88,0.011,0.1356,nn,nn00802868,2021-03-19T02:32:13.847Z,"29 km SSE of Mina, Nevada",earthquake,,0.5,0.26,14,reviewed,nn,nn
2021-03-18T17:14:09.709Z,-37.6796,-179.4806,10,4.6,mb,,232,1.76,0.44,us,us7000dkpl,2021-03-18T19:35:13.040Z,"245 km ENE of Gisborne, New Zealand",earthquake,11.4,2,0.151,13,reviewed,us,us
2021-03-18T16:21:43.275Z,36.9377,5.2653,10,4.4,mb,,91,3.056,0.77,us,us7000dkml,2021-03-18T22:17:35.040Z,"25 km NE of Bejaïa, Algeria",earthquake,6.9,1.9,0.095,35,reviewed,us,us
2021-03-18T15:59:27.988Z,-4.474,137.2677,46.99,4.5,mb,,88,5.241,0.54,us,us7000dkpu,2021-03-18T22:35:49.715Z,"231 km ESE of Nabire, Indonesia",earthquake,9.8,8.2,0.094,35,reviewed,us,us
2021-03-18T15:24:21.636Z,-29.6529,-176.4829,10,4.9,mb,,76,1.325,0.76,us,us7000dklv,2021-03-18T16:13:39.040Z,"Kermadec Islands region",earthquake,12,1.9,0.067,75,reviewed,us,us
2021-03-18T14:59:33.923Z,44.2456,-115.051,10,2.7,ml,,69,0.068,0.84,us,us7000dklk,2021-03-18T15:46:55.040Z,"9 km WNW of Stanley, Idaho",earthquake,2.2,1.4,0.053,46,reviewed,us,us
2021-03-18T14:01:18.800Z,38.2141667,-122.3588333,8.66,2.68,md,98,46,0.003432,0.12,nc,nc73538830,2021-03-19T22:54:07.772Z,"10km WNW of American Canyon, CA",earthquake,0.12,0.35,0.184,89,reviewed,nc,nc
2021-03-18T11:54:00.282Z,37.4092,72.1766,205.38,4.4,mb,,56,2.849,0.77,us,us7000dkkq,2021-03-18T12:08:52.040Z,"52 km NNW of Khandūd, Afghanistan",earthquake,6.1,7.3,0.07,59,reviewed,us,us
2021-03-18T11:20:15.570Z,17.8638,-66.8883,15,2.66,md,7,250,0.1883,0.08,pr,pr2021077001,2021-03-19T12:58:27.977Z,"12 km S of Guánica, Puerto Rico",earthquake,0.76,1.29,0.12,6,reviewed,pr,pr
2021-03-18T09:56:20.648Z,51.64,178.5917,88.83,4.3,mb,,201,2.653,0.87,us,us7000dkkg,2021-03-18T19:56:33.650Z,"Rat Islands, Aleutian Islands, Alaska",earthquake,12.2,11.2,0.046,137,reviewed,us,us
2021-03-18T09:51:35.203Z,38.8363,-9.102,10,3.3,ml,,167,1.18,0.36,us,us7000dkri,2021-03-19T10:27:00.274Z,"0 km SSW of Santa Iria da Azóia, Portugal",earthquake,4.4,2,0.115,10,reviewed,us,us
2021-03-18T09:28:42.980Z,17.9519,-66.9855,6,3.01,md,14,213,0.0613,0.2,pr,pr2021077009,2021-03-19T13:04:01.704Z,"6 km ESE of La Parguera, Puerto Rico",earthquake,0.83,0.36,0.11,8,reviewed,pr,pr
2021-03-18T09:11:19.580Z,17.971,-66.9848,6,3.21,md,20,179,0.0594,0.21,pr,pr2021077000,2021-03-18T10:52:22.491Z,"6 km E of La Parguera, Puerto Rico",earthquake,0.42,0.3,0.07,11,reviewed,pr,pr
2021-03-18T08:21:58.124Z,-37.5444,-178.5079,10,4.5,mb,,250,2.531,0.45,us,us7000dki0,2021-03-18T09:02:03.040Z,"east of the North Island of New Zealand",earthquake,13.8,2,0.221,6,reviewed,us,us
2021-03-18T08:09:49.991Z,37.7279,57.1751,10,4.4,mb,,56,5.288,0.63,us,us7000dki4,2021-03-19T12:35:39.040Z,"31 km NNW of Bojnūrd, Iran",earthquake,4.4,1.9,0.083,42,reviewed,us,us
2021-03-18T08:09:02.104Z,46.6571,152.7106,35,4.9,mb,,137,6.836,0.79,us,us7000dkhu,2021-03-18T08:39:12.040Z,"Kuril Islands",earthquake,9.5,2,0.046,146,reviewed,us,us
2021-03-18T07:54:25.906Z,-4.2342,133.8591,10,5,mww,,72,2.071,0.71,us,us7000dkhs,2021-03-23T14:54:22.950Z,"197 km NE of Tual, Indonesia",earthquake,8.6,1.9,0.098,10,reviewed,us,us
2021-03-18T06:14:48.810Z,17.953,-67.0138,6,3.02,md,18,215,0.0346,0.16,pr,pr2021077007,2021-03-19T13:03:15.601Z,"4 km SE of La Parguera, Puerto Rico",earthquake,0.54,0.34,0.09,7,reviewed,pr,pr
2021-03-18T05:30:55.928Z,-21.7863,-179.4318,590.24,4.3,mb,,60,4.666,0.56,us,us7000dkgt,2021-03-18T06:15:43.040Z,"Fiji region",earthquake,13.1,8.5,0.061,76,reviewed,us,us
2021-03-18T04:59:25.313Z,62.8998,-149.6296,68.3,3.1,ml,,,,0.55,ak,ak0213jf45nz,2021-03-18T21:17:50.040Z,"55 km NNE of Chase, Alaska",earthquake,,0.4,,,reviewed,ak,ak
2021-03-18T02:59:05.233Z,54.9779,162.6927,10,4.9,mb,,70,3.086,0.59,us,us7000dkgb,2021-03-19T02:03:20.040Z,"near the east coast of the Kamchatka Peninsula, Russia",earthquake,10.1,1.8,0.058,93,reviewed,us,us
2021-03-18T02:48:29.695Z,54.8622,163.3888,10,5.3,mb,,73,3.352,0.49,us,us7000dkg8,2021-03-19T01:44:01.040Z,"162 km SSE of Ust’-Kamchatsk Staryy, Russia",earthquake,5.5,1.6,0.023,610,reviewed,us,us
2021-03-18T02:38:12.143Z,54.8087,163.2736,10,4.8,mb,,104,3.267,0.45,us,us7000dkg5,2021-03-19T01:10:04.040Z,"off the east coast of the Kamchatka Peninsula, Russia",earthquake,9.2,1.9,0.048,136,reviewed,us,us
2021-03-18T02:21:57.379Z,54.8686,163.2362,10,5.1,mww,,79,3.28,0.37,us,us7000dkg1,2021-03-19T00:51:13.040Z,"158 km SSE of Ust’-Kamchatsk Staryy, Russia",earthquake,8.6,1.8,0.089,12,reviewed,us,us
2021-03-18T01:55:17.307Z,15.5092,-91.8727,189.89,4.8,mb,,63,0.404,0.75,us,us7000dkfy,2021-03-18T23:15:50.040Z,"0 km SSW of La Libertad, Guatemala",earthquake,7,4.9,0.032,296,reviewed,us,us
2021-03-18T01:13:18.413Z,28.382,142.757,10,4.9,mb,,93,1.378,0.48,us,us7000dkfq,2021-03-18T22:34:48.040Z,"Bonin Islands, Japan region",earthquake,7.9,1.8,0.055,104,reviewed,us,us
2021-03-18T01:10:34.381Z,50.6771,87.0134,10,4.2,mb,,92,3.542,0.93,us,us7000dkfk,2021-03-18T22:20:59.040Z,"36 km NE of Inya, Russia",earthquake,8.3,1.9,0.136,15,reviewed,us,us
2021-03-18T00:43:07.809Z,34.316,-97.35616667,6.74,2.54,ml,12,140,0.1079788109,0.24,ok,ok2021fixr,2021-03-19T14:56:40.673Z,"15 km NE of Healdton, Oklahoma",earthquake,,1.1,0.22,4,reviewed,ok,ok
2021-03-18T00:33:27.338Z,36.8343,5.2151,10,4.7,mb,,86,3.146,0.78,us,us7000dkfe,2021-03-18T10:38:20.780Z,"14 km NE of Bejaïa, Algeria",earthquake,7.8,1.9,0.08,47,reviewed,us,us
2021-03-18T00:17:05.454Z,36.9459,5.3079,10,5.2,mb,,112,3.056,0.61,us,us7000dkfb,2021-03-18T02:36:43.515Z,"29 km NE of Bejaïa, Algeria",earthquake,7.7,1.9,0.085,46,reviewed,us,us
2021-03-18T00:09:36.184Z,54.7178,163.5345,10,5,mww,,88,3.353,0.78,us,us7000dkeu,2021-03-18T00:23:22.040Z,"180 km SSE of Ust’-Kamchatsk Staryy, Russia",earthquake,7.9,1.9,0.098,10,reviewed,us,us
2021-03-18T00:04:25.392Z,-37.045,-71.1424,152.34,4.3,mb,,122,0.395,0.75,us,us7000dkeq,2021-03-18T01:57:05.558Z,"35 km W of Las Ovejas, Argentina",earthquake,3.5,9.9,0.216,6,reviewed,us,us
2021-03-18T00:04:06.798Z,36.9146,5.1994,8,6,mww,,20,3.065,0.52,us,us7000dker,2021-03-21T00:35:33.080Z,"20 km NNE of Bejaïa, Algeria",earthquake,2.5,1.8,0.033,86,reviewed,us,us
2021-03-17T23:14:19.572Z,55.0114,162.8394,10,4.3,mb,,136,3.174,1.29,us,us7000dkei,2021-03-17T23:44:39.040Z,"137 km S of Ust’-Kamchatsk Staryy, Russia",earthquake,9.8,1.9,0.1,28,reviewed,us,us
2021-03-17T22:59:49.299Z,36.51533333,-98.33733333,7,2.5,ml,54,95,0.1304743965,0.15,ok,ok2021fiug,2021-03-18T14:33:00.292Z,"6 km WSW of Helena, Oklahoma",earthquake,,0.3,0.27,19,reviewed,ok,ok
2021-03-17T21:49:53.109Z,36.4776,6.7419,10,4.7,mb,,76,2.236,1.23,us,us7000dkdu,2021-03-18T02:41:48.524Z,"9 km ENE of Didouche Mourad, Algeria",earthquake,6.8,1.9,0.073,57,reviewed,us,us
2021-03-17T21:23:29.338Z,2.5526,128.4744,201.72,4.8,mb,,82,2.086,0.67,us,us7000dkdl,2021-03-17T21:37:58.040Z,"104 km NNE of Tobelo, Indonesia",earthquake,8.5,5.9,0.073,58,reviewed,us,us
2021-03-17T18:57:29.895Z,-6.9125,129.8601,156.55,4.5,mb,,93,1.779,1.03,us,us7000dkc0,2021-03-17T19:29:42.040Z,"Banda Sea",earthquake,5.9,10.5,0.109,25,reviewed,us,us
2021-03-17T18:02:53.060Z,61.2882,-146.8127,0,2.5,ml,,,,1.01,ak,ak0213hzkpw4,2021-03-17T18:15:21.605Z,"30 km NW of Valdez, Alaska",earthquake,,0.4,,,automatic,ak,ak
2021-03-17T18:00:36.615Z,51.8539,-174.4086,71.68,4.7,mb,,136,0.371,0.76,us,us7000dkbq,2021-03-17T20:06:46.619Z,"40 km SSW of Atka, Alaska",earthquake,2.9,7.4,0.035,253,reviewed,us,us
2021-03-17T17:40:34.242Z,57.6995,-156.4873,115,2.5,ml,,,,0.88,ak,ak0213hz7dzy,2021-03-17T17:52:57.811Z,"58 km ENE of Ugashik, Alaska",earthquake,,0.7,,,automatic,ak,ak
2021-03-17T17:37:52.838Z,-8.5049,134.9383,10,5,mb,,72,3.639,1.01,us,us7000dkbl,2021-03-17T20:06:16.040Z,"Arafura Sea",earthquake,5.5,1.9,0.094,36,reviewed,us,us
2021-03-17T16:32:41.563Z,44.2855,-115.1978,4.23,2.9,ml,,66,0.18,0.56,us,us7000dkb6,2021-03-18T15:44:26.360Z,"22 km WNW of Stanley, Idaho",earthquake,1.5,1.8,0.05,52,reviewed,us,us
2021-03-17T16:20:49.015Z,2.312,128.3456,88.62,4.9,mww,,110,1.816,0.67,us,us7000dkb2,2021-03-17T16:38:19.040Z,"74 km NNE of Tobelo, Indonesia",earthquake,8.1,5.4,0.098,10,reviewed,us,us
2021-03-17T14:21:58.150Z,41.1561667,-125.3175,4.91,3.6,mw,23,258,0.8877,0.11,nc,nc73538445,2021-03-18T14:24:19.455Z,"99km W of Trinidad, CA",earthquake,1.87,31.61,,3,reviewed,nc,nc
2021-03-17T14:20:56.001Z,61.9973,-150.6209,9.8,2.8,ml,,,,1.04,ak,ak0213hxaumr,2021-03-17T14:37:24.199Z,"40 km E of Skwentna, Alaska",earthquake,,0.3,,,automatic,ak,ak
2021-03-17T13:33:15.720Z,19.4488333333333,-155.238,26.77,3.27,ml,58,49,,0.12,hv,hv72386937,2021-03-18T05:37:41.890Z,"0 km NNW of Volcano, Hawaii",earthquake,0.42,0.43,0.201174303995066,36,reviewed,hv,hv
2021-03-17T12:49:53.731Z,54.6887,163.1283,10,4.7,mb,,105,3.133,0.73,us,us7000dk9s,2021-03-17T13:14:01.040Z,"176 km SSE of Ust’-Kamchatsk Staryy, Russia",earthquake,8.4,1.9,0.043,164,reviewed,us,us
2021-03-17T12:32:42.314Z,54.6014,163.1412,10,4.8,mb,,132,6.779,0.72,us,us7000dk9n,2021-03-17T13:04:04.040Z,"185 km SSE of Ust’-Kamchatsk Staryy, Russia",earthquake,9.9,1.6,0.054,105,reviewed,us,us
2021-03-17T12:32:16.628Z,54.5701,163.0565,10,4.9,mb,,106,3.038,0.79,us,us7000dk9g,2021-03-17T12:50:40.040Z,"188 km S of Ust’-Kamchatsk Staryy, Russia",earthquake,8.4,1.8,0.081,48,reviewed,us,us
2021-03-17T10:56:53.290Z,17.9478,-66.9495,9,2.82,md,17,211,0.0754,0.13,pr,pr2021076005,2021-03-17T11:38:49.982Z,"5 km WSW of Guánica, Puerto Rico",earthquake,0.49,0.48,0.07,8,reviewed,pr,pr
2021-03-17T10:35:25.176Z,58.2104,-137.982,8.6,3.3,ml,,,,0.86,ak,ak0213hv09go,2021-03-17T18:27:14.012Z,"96 km W of Elfin Cove, Alaska",earthquake,,2.2,,,reviewed,ak,ak
2021-03-17T10:25:19.990Z,19.172,-155.475166666667,32.6,3.22,md,56,77,,0.1,hv,hv72386777,2021-03-18T10:27:11.931Z,"3 km S of Pāhala, Hawaii",earthquake,0.41,0.56,0.116816696283232,24,reviewed,hv,hv
2021-03-17T10:24:59.924Z,54.6769,162.8835,10,4.6,mb,,105,3.005,0.69,us,us7000dk6e,2021-03-17T11:01:59.040Z,"174 km S of Ust’-Kamchatsk Staryy, Russia",earthquake,8.2,1.9,0.059,87,reviewed,us,us
2021-03-17T10:17:35.090Z,17.9181,-66.8078,11,3.05,md,22,198,0.0914,0.29,pr,pr2021076004,2021-03-17T10:33:10.600Z,"8 km S of Indios, Puerto Rico",earthquake,0.9,0.59,0.19,11,reviewed,pr,pr
2021-03-17T09:58:54.183Z,16.47,121.1987,38.39,4.7,mb,,87,6.315,0.49,us,us7000dk6a,2021-03-18T07:57:35.220Z,"3 km WSW of Buliwao, Philippines",earthquake,9.2,7.9,0.06,83,reviewed,us,us
2021-03-17T09:49:28.537Z,54.94,162.7295,10,4.6,mb,,123,3.08,0.6,us,us7000dk62,2021-03-17T10:12:32.040Z,"144 km S of Ust’-Kamchatsk Staryy, Russia",earthquake,5.4,1.9,0.06,82,reviewed,us,us
2021-03-17T08:28:49.586Z,37.6751,141.7627,56.13,5,mww,,51,3.057,0.98,us,us7000dk52,2021-03-17T09:50:29.214Z,"70 km ENE of Namie, Japan",earthquake,7.2,6,0.093,11,reviewed,us,us
2021-03-17T08:14:51.670Z,19.2208333333333,-155.3765,32.81,2.93,ml,55,155,,0.12,hv,hv72386657,2021-03-19T02:32:46.338Z,"10 km E of Pāhala, Hawaii",earthquake,0.43,0.56,0.222199751940428,36,reviewed,hv,hv
2021-03-17T07:47:28.050Z,17.9215,-66.8156,13,2.58,md,19,197,0.2336,0.14,pr,pr2021076003,2021-03-17T08:31:36.702Z,"8 km S of Indios, Puerto Rico",earthquake,0.51,0.3,0.12,10,reviewed,pr,pr
2021-03-17T06:51:59.606Z,31.06187186,-103.3275897,4.743334961,2.8,ml,27,52,0.05664235791,0.3,tx,tx2021fhoi,2021-03-17T13:50:22.802Z,"32 km SW of Coyanosa, Texas",earthquake,0.8039967314,0.936796027,0.2,12,reviewed,tx,tx
2021-03-17T06:27:17.574Z,44.4511,80.9258,10,4.5,mb,,72,1.531,0.55,us,us7000dk4f,2021-03-17T07:35:43.040Z,"44 km N of Huocheng, China",earthquake,5.6,1.8,0.101,29,reviewed,us,us
2021-03-17T04:33:39.675Z,79.4769,2.7379,10,4.5,mb,,79,1.823,0.58,us,us7000dk3x,2021-03-17T22:08:16.040Z,"Greenland Sea",earthquake,9.2,1.9,0.078,48,reviewed,us,us
2021-03-17T04:19:28.359Z,31.65433164,-104.3573154,6.182983398,4.5,ml,53,61,0.1231410445,0.3,tx,tx2021fhjh,2021-03-22T05:22:42.870Z,"57 km S of Whites City, New Mexico",earthquake,0.8266925828,1.088730241,0.2,29,reviewed,tx,tx
2021-03-17T03:16:34.937Z,54.9499,163.2584,10,4.4,mb,,134,3.335,0.71,us,us7000dk3l,2021-03-17T21:54:27.040Z,"150 km SSE of Ust’-Kamchatsk Staryy, Russia",earthquake,11.6,1.9,0.046,137,reviewed,us,us
2021-03-17T02:05:38.142Z,-18.319,-177.7553,583.93,4.4,mb,,127,4.004,0.47,us,us7000dk35,2021-03-17T02:23:00.040Z,"Fiji region",earthquake,12.1,6.6,0.086,39,reviewed,us,us
2021-03-17T01:54:19.340Z,17.9776,-66.8423,16,2.56,md,23,176,0.037,0.16,pr,pr2021076001,2021-03-17T03:27:27.857Z,"3 km SW of Indios, Puerto Rico",earthquake,0.44,0.35,0.18,13,reviewed,pr,pr
2021-03-17T01:29:40.050Z,19.0541,-67.8953,100,3.37,md,19,191,0.7267,0.43,pr,pr2021076000,2021-03-17T14:34:42.282Z,"74 km NE of Punta Cana, Dominican Republic",earthquake,2.029,3.3,0.14,8,reviewed,pr,pr
2021-03-17T00:57:22.439Z,-6.3376,154.8824,59.84,5.2,mww,,51,5.887,0.76,us,us7000dk2h,2021-03-17T01:16:47.040Z,"66 km W of Panguna, Papua New Guinea",earthquake,8,6.3,0.098,10,reviewed,us,us
2021-03-17T00:14:53.306Z,55.1247,162.8267,24.5,4.4,mb,,155,3.238,0.83,us,us7000dk24,2021-03-17T01:03:19.040Z,"124 km S of Ust’-Kamchatsk Staryy, Russia",earthquake,13.2,7.4,0.069,61,reviewed,us,us
2021-03-17T00:12:49.950Z,-40.7195,-85.3034,10,5.7,mww,,148,8.748,1.02,us,us7000dk22,2021-03-18T00:15:39.460Z,"West Chile Rise",earthquake,10.9,1.9,0.063,24,reviewed,us,us
2021-03-17T00:04:58.901Z,-1.8138,69.1644,10,5.6,mww,,51,4.462,1.21,us,us7000dk21,2021-03-18T00:07:32.833Z,"Carlsberg Ridge",earthquake,4.8,1.8,0.098,10,reviewed,us,us
2021-03-17T00:01:27.935Z,54.8013,162.9085,10,4.4,mb,,164,3.084,0.65,us,us7000dk20,2021-03-17T03:38:49.040Z,"161 km S of Ust’-Kamchatsk Staryy, Russia",earthquake,6,1.9,0.061,78,reviewed,us,us
2021-03-16T23:41:59.468Z,56.3619,-148.6475,19.45,3.5,ml,,243,2.578,1.01,us,us7000dk1t,2021-03-18T01:26:02.040Z,"261 km ESE of Chiniak, Alaska",earthquake,9.8,10.9,0.046,62,reviewed,us,us
2021-03-16T22:26:53.820Z,40.399,-124.6626667,23.77,2.83,md,35,236,0.2597,0.13,nc,nc73538200,2021-03-18T12:31:05.273Z,"33km WNW of Petrolia, CA",earthquake,1.63,1.14,0.111,51,reviewed,nc,nc
2021-03-16T22:04:41.477Z,64.8019,-148.977,18.5,2.7,ml,,,,0.71,ak,ak0213gefiem,2021-03-18T01:46:06.040Z,"23 km NNE of Four Mile Road, Alaska",earthquake,,0.2,,,automatic,ak,ak
2021-03-16T21:59:27.831Z,46.2223,151.339,92.4,4.8,mb,,100,5.958,1.01,us,us7000dk0m,2021-03-16T22:20:29.040Z,"291 km ENE of Kuril’sk, Russia",earthquake,10.2,7.6,0.038,208,reviewed,us,us
2021-03-16T21:34:19.067Z,31.65796815,-104.3638053,6.080151367,3.1,ml,35,61,0.1172579559,0.3,tx,tx2021fgvy,2021-03-17T13:42:40.488Z,"57 km S of Whites City, New Mexico",earthquake,1.159965086,1.142682675,0.2,17,reviewed,tx,tx
2021-03-16T21:17:22.288Z,37.7083,-97.2296,6.17,2.5,mb_lg,,125,0.646,0.33,us,us7000dk0d,2021-03-19T01:03:57.981Z,"3 km NE of Eastborough, Kansas",earthquake,1.9,1.8,0.228,5,reviewed,us,us
2021-03-16T21:16:57.678Z,-21.7516,-179.3472,592.25,4.8,mb,,42,4.677,0.84,us,us7000dk0f,2021-03-16T21:33:59.040Z,"Fiji region",earthquake,11.4,8.8,0.043,167,reviewed,us,us
2021-03-16T20:30:58.475Z,44.294,-115.136,14.69,2.9,ml,,66,0.146,0.63,us,us7000dka8,2021-03-17T19:44:39.040Z,"17 km WNW of Stanley, Idaho",earthquake,1.3,8.7,0.034,114,reviewed,us,us
2021-03-16T20:22:45.390Z,17.9498,-66.6843,7,3.17,md,21,186,0.1214,0.24,pr,pr2021075007,2021-03-17T02:59:46.359Z,"6 km SE of Tallaboa, Puerto Rico",earthquake,0.52,0.29,0.13,17,reviewed,pr,pr
2021-03-16T19:51:27.411Z,54.7949,163.0443,10,5.4,mww,,43,3.147,0.8,us,us7000djzg,2021-03-17T19:56:55.642Z,"163 km SSE of Ust’-Kamchatsk Staryy, Russia",earthquake,7.2,1.8,0.098,10,reviewed,us,us
2021-03-16T19:50:26.331Z,54.8661,163.1909,10,4.3,mb,,156,3.257,0.86,us,us7000djzi,2021-03-16T21:38:01.040Z,"158 km SSE of Ust’-Kamchatsk Staryy, Russia",earthquake,11.7,1.9,0.056,96,reviewed,us,us
2021-03-16T19:39:07.638Z,-40.1364,-71.4989,188.07,4.4,mb,,115,0.398,0.79,us,us7000djze,2021-03-17T15:40:31.117Z,"12 km W of San Martín de los Andes, Argentina",earthquake,6.5,4.1,0.178,9,reviewed,us,us
2021-03-16T19:27:46.115Z,54.6349,163.3279,10,4.6,mb,,125,3.208,1.1,us,us7000djzj,2021-03-16T21:04:57.426Z,"185 km SSE of Ust’-Kamchatsk Staryy, Russia",earthquake,9.3,1.9,0.06,91,reviewed,us,us
2021-03-16T19:22:20.260Z,54.9592,162.9277,10,5,mb,,136,3.184,0.93,us,us7000djzb,2021-03-16T19:37:20.040Z,"144 km S of Ust’-Kamchatsk Staryy, Russia",earthquake,9.4,1.9,0.041,188,reviewed,us,us
2021-03-16T19:08:35.263Z,-6.6623,129.6625,155.38,5.1,mb,,31,2.086,0.8,us,us7000djz9,2021-03-16T19:28:31.166Z,"Banda Sea",earthquake,6.5,6.5,0.074,62,reviewed,us,us
2021-03-16T18:38:22.866Z,54.7018,163.2077,22.06,6.6,mww,,21,3.179,1.16,us,us7000djz6,2021-03-18T19:03:25.137Z,"176 km SSE of Ust’-Kamchatsk Staryy, Russia",earthquake,4.3,4,0.052,36,reviewed,us,us
2021-03-16T18:07:28.590Z,17.9776,-66.8355,10,2.61,md,23,178,0.0438,0.16,pr,pr2021075006,2021-03-16T20:35:16.040Z,"2 km SW of Indios, Puerto Rico",earthquake,0.36,0.42,0.27,13,reviewed,pr,pr
2021-03-16T16:52:07.219Z,-7.1658,146.071,185.04,4.4,mb,,72,9.692,0.58,us,us7000djyq,2021-03-16T17:27:31.040Z,"63 km W of Bulolo, Papua New Guinea",earthquake,11.5,8,0.091,35,reviewed,us,us
2021-03-16T16:34:13.253Z,31.72027536,-104.5568917,6.105859375,3.2,ml,42,84,0.0488053167,0.3,tx,tx2021fgma,2021-03-16T17:11:10.040Z,"53 km SSW of Whites City, New Mexico",earthquake,1.694450391,0.7753546665,0.1,25,reviewed,tx,tx
2021-03-16T15:56:41.534Z,-29.4306,-176.4248,11.71,4.8,mb,,134,1.326,0.62,us,us7000djyd,2021-03-16T16:48:01.040Z,"Kermadec Islands region",earthquake,10.1,5.2,0.07,64,reviewed,us,us
2021-03-16T14:47:45.419Z,44.5588,-114.6682,19.82,2.5,ml,,73,0.413,0.48,us,us7000djxu,2021-03-16T17:06:22.040Z,"southern Idaho",earthquake,2.4,6.5,0.074,24,reviewed,us,us
2021-03-16T14:34:39.325Z,44.5347,-114.6484,20.42,3.6,ml,,60,0.401,0.47,us,us7000djxr,2021-03-17T14:36:15.050Z,"southern Idaho",earthquake,2.3,7.4,0.038,90,reviewed,us,us
2021-03-16T14:32:00.908Z,23.3277,143.7787,10,4.6,mb,,126,4.02,0.65,us,us7000djxs,2021-03-16T15:07:43.040Z,"Volcano Islands, Japan region",earthquake,11.3,1.9,0.077,50,reviewed,us,us
2021-03-16T13:39:37.090Z,33.1651667,-115.63,5.06,2.66,ml,27,54,0.01719,0.18,ci,ci37319988,2021-03-16T21:10:14.326Z,"12km WNW of Calipatria, CA",earthquake,0.25,0.31,0.129,74,reviewed,ci,ci
2021-03-16T13:39:29.490Z,33.1576667,-115.6361667,5.14,2.55,ml,59,25,0.0262,0.21,ci,ci39581455,2021-03-16T21:10:20.939Z,"12km WNW of Calipatria, CA",earthquake,0.19,0.37,0.139,56,reviewed,ci,ci
2021-03-16T13:16:08.846Z,30.1556,86.3879,10,4.6,mb,,145,6.656,0.43,us,us7000djtf,2021-03-16T17:03:22.040Z,"145 km NE of Saga, China",earthquake,7.3,1.8,0.082,47,reviewed,us,us
2021-03-16T12:48:25.471Z,-27.4163,-178.1261,10,5.3,mww,,102,1.83,0.79,us,us7000djrn,2021-03-19T18:35:08.040Z,"Kermadec Islands region",earthquake,9.5,1.8,0.069,20,reviewed,us,us
2021-03-16T12:05:59.640Z,18.7833,-67.5636,7,3.49,md,23,215,0.4077,0.58,pr,pr2021075005,2021-03-16T12:44:00.545Z,"58 km NW of Aguadilla, Puerto Rico",earthquake,1.48,1.93,0.1,16,reviewed,pr,pr
2021-03-16T11:42:43.130Z,37.4748333,-118.8426667,5.69,2.68,md,34,61,0.1155,0.06,nc,nc73535821,2021-03-19T05:27:54.040Z,"17km SW of Toms Place, CA",earthquake,0.25,1.07,0.167,44,reviewed,nc,nc
2021-03-16T10:32:23.730Z,17.9525,-68.3716,40,3.51,md,15,213,0.5615,0.48,pr,pr2021075003,2021-03-16T11:02:13.690Z,"53 km SSE of Boca de Yuma, Dominican Republic",earthquake,2.21,6,0.09,7,reviewed,pr,pr
2021-03-16T10:03:26.027Z,-17.2563,167.289,10,4.6,mb,,97,1.8,0.8,us,us7000djqf,2021-03-16T10:23:05.040Z,"121 km WNW of Port-Vila, Vanuatu",earthquake,6.8,1.9,0.137,16,reviewed,us,us
2021-03-16T09:51:34.170Z,17.9363,-67.1908,5,2.88,md,15,251,0.1073,0.15,pr,pr2021075004,2021-03-16T16:19:37.945Z,"4 km S of Pole Ojea, Puerto Rico",earthquake,0.79,0.35,0.08,8,reviewed,pr,pr
2021-03-16T09:08:57.795Z,-18.112,-178.1638,542.97,4.4,mb,,123,3.62,0.72,us,us7000djq1,2021-03-16T09:27:37.040Z,"266 km E of Levuka, Fiji",earthquake,9.2,9,0.056,93,reviewed,us,us
2021-03-16T08:59:03.600Z,19.5556666666667,-156.4945,36.24,3.34,ml,56,236,,0.16,hv,hv72385302,2021-03-18T22:57:33.074Z,"52 km W of Kailua-Kona, Hawaii",earthquake,0.74,1.5,0.165392727898424,22,reviewed,hv,hv
2021-03-16T07:47:51.650Z,-6.4263,130.9451,69.13,4.5,mb,,137,1.585,1.08,us,us7000djpl,2021-03-22T01:53:16.040Z,"218 km WSW of Tual, Indonesia",earthquake,5.4,11.8,0.163,11,reviewed,us,us
2021-03-16T06:22:24.250Z,17.9658,-67.0051,6,2.62,md,24,191,0.0393,0.16,pr,pr2021075001,2021-03-16T06:55:36.728Z,"4 km ESE of La Parguera, Puerto Rico",earthquake,0.46,0.22,0.19,17,reviewed,pr,pr
2021-03-16T06:05:50.421Z,-2.6684,123.0916,10,4.6,mb,,41,1.647,0.52,us,us7000djpb,2021-03-16T06:41:48.040Z,"158 km NNE of Kendari, Indonesia",earthquake,5.9,1.9,0.119,21,reviewed,us,us
2021-03-16T05:39:32.944Z,-15.8253,-74.5458,35,4.1,mb,,167,4.418,0.38,us,us7000djp8,2021-03-16T16:14:36.882Z,"19 km W of Atiquipa, Peru",earthquake,8.3,2,0.371,2,reviewed,us,us
2021-03-16T05:28:02.210Z,19.3361666666667,-155.1925,2.85,3.01,ml,56,81,,0.13,hv,hv72385097,2021-03-18T23:46:57.045Z,"12 km SSE of Volcano, Hawaii",earthquake,0.21,0.57,0.173181906315406,36,reviewed,hv,hv
2021-03-16T04:41:40.884Z,79.6239,3.5573,10,4.9,mb,,46,1.722,0.75,us,us7000djnw,2021-03-16T05:07:24.040Z,"Greenland Sea",earthquake,4.1,1.8,0.035,253,reviewed,us,us
2021-03-16T04:17:09.679Z,34.373,-97.42416667,5.88,2.62,ml,96,49,0.0413918775,0.28,ok,ok2021ffns,2021-03-16T22:20:09.040Z,"11 km SE of Ratliff City, Oklahoma",earthquake,,0.5,0.32,28,reviewed,ok,ok
2021-03-16T03:58:16.530Z,31.97662354,-102.3379144,7.947794596,3.1,ml,36,43,0.02515006461,0.2,tx,tx2021ffnc,2021-03-16T22:37:09.040Z,"6 km SE of Gardendale, Texas",earthquake,0.7030207515,0.521315271,0.2,14,reviewed,tx,tx
2021-03-16T03:53:55.841Z,-34.7749,-71.7967,40.47,4.8,mww,,59,0.258,0.77,us,us7000djni,2021-03-17T02:59:34.910Z,"42 km WSW of Santa Cruz, Chile",earthquake,5.4,4,0.089,12,reviewed,us,us
2021-03-16T03:32:52.442Z,31.97296143,-102.3357708,8.339070638,2.7,ml,33,43,0.0210618284,0.2,tx,tx2021ffmf,2021-03-16T23:40:08.040Z,"6 km SE of Gardendale, Texas",earthquake,0.7170995094,0.5242112462,0.2,14,reviewed,tx,tx
2021-03-16T03:13:33.129Z,-29.6625,-176.923,10,5,mb,,70,0.971,0.89,us,us7000djne,2021-03-16T23:19:52.040Z,"Kermadec Islands region",earthquake,7.2,1.8,0.101,31,reviewed,us,us
2021-03-16T01:10:45.891Z,11.9053,-88.2213,10,4.3,mb,,175,1.412,0.7,us,us7000djmr,2021-03-16T22:50:48.040Z,"125 km SW of Jiquilillo, Nicaragua",earthquake,7.7,1.4,0.107,25,reviewed,us,us
2021-03-16T00:34:02.377Z,-37.6259,-179.2304,10,4.9,mb,,200,1.957,0.61,us,us7000djml,2021-03-17T19:38:40.665Z,"267 km ENE of Gisborne, New Zealand",earthquake,5.2,2,0.135,17,reviewed,us,us
